,City,Visits,% Visits,latitude,longitude
0,"Toronto, Canada",122711,0.20695999999999998,43.653963,-79.387207
1,"Montreal, Canada",47902,0.08079,45.4972159,-73.6103642
2,"Ottawa, Canada",36738,0.06196,45.421106,-75.690308
3,"Providence, Utah, United States",34883,0.05882999999999999,41.7062379,-111.8177
4,"Seattle, Washington, United States",19109,0.03223,47.6038321,-122.3300624
5,"Calgary, Canada",14572,0.02458,51.0534234,-114.0625892
6,"Redmond, Washington, United States",13978,0.02358,47.6694141,-122.1238767
7,"Vancouver, Canada",13194,0.02225,49.2608724,-123.1139529
8,"Falls Church, Virginia, United States",12528,0.02113,38.882334,-77.1710914
9,"Mississauga, Canada",11641,0.01963,43.590338,-79.645729
10,"Edmonton, Canada",8519,0.014369999999999999,53.535411,-113.507996
11,"Chatham, Canada",7130,0.012029999999999999,42.4057219,-82.1853837
12,"Markham, Canada",6904,0.011640000000000001,43.854336,-79.326782
13,"North York, Canada",6855,0.011559999999999999,43.7543263,-79.44911696639593
14,"Quebec, Canada",6826,0.01151,52.4760892,-71.8258668
15,"Burlington, Canada",6722,0.011340000000000001,43.3248924,-79.7966835
16,"Etobicoke, Canada",6595,0.01112,43.671459150000004,-79.55249206611668
17,"Winnipeg, Canada",6344,0.0107,49.8955367,-97.1384584
18,"Burnaby, Canada",5034,0.008490000000000001,49.2433804,-122.9725459
19,"Washington, D.C., United States",4349,0.00733,38.8948932,-77.0365529
20,"London, Canada",4125,0.006959999999999999,42.988576,-81.246643
21,"Halifax, Canada",4057,0.006840000000000001,44.648618,-63.5859487
22,"Kitchener, Canada",3401,0.0057399999999999994,43.453168,-80.494423
23,"Victoria, Canada",3242,0.00547,48.4283182,-123.3649533
24,"Jacksonville, Canada",3144,0.0053,45.6684319,-60.8703504
25,"Regina, Canada",2918,0.00492,50.44876,-104.61731
26,"Kelowna, Canada",2654,0.00448,49.889326,-119.498291
27,"Scarborough, Canada",2501,0.004220000000000001,43.773077,-79.257774
28,"Dieppe, Canada",2498,0.00421,46.0945258,-64.7354772
29,"Moncton, Canada",2360,0.00398,46.097995,-64.80011
30,"Longueuil, Canada",2043,0.00345,45.5172382,-73.4467466
31,"Pierrefonds, Canada",2019,0.0034100000000000003,45.4955083,-73.8471749
32,"Saskatoon, Canada",1885,0.00318,52.131802,-106.660767
33,"Saint John, Canada",1885,0.00318,45.278752,-66.058044
34,"New York, New York, United States",1797,0.00303,40.7127281,-74.0060152
35,"Barrie, Canada",1782,0.00301,44.3893113,-79.6901736
36,"Brampton, Canada",1767,0.00298,43.6858146,-79.7599337
37,"Sudbury, Canada",1762,0.00297,46.49272,-80.991211
38,"Langley, Canada",1614,0.0027199999999999998,49.106471850000005,-122.5501311568147
39,"Mumbai, India",1545,0.0026100000000000003,18.9387711,72.8353355
40,"Dorval, Canada",1526,0.00257,45.4453082,-73.7510888
41,"Trois-Rivieres, Canada",1474,0.00249,46.332706,-72.556458
42,"Hamilton, Canada",1453,0.00245,43.255205,-79.868202
43,"Kingston, Canada",1427,0.0024100000000000002,44.230687,-76.481323
44,"Dartmouth, Canada",1358,0.00229,44.6799707,-63.5720232
45,"Fredericton, Canada",1345,0.00227,45.966425,-66.645813
46,"St. John's, Canada",1334,0.00225,47.561701,-52.715149
47,"Paris, France",1317,0.0022199999999999998,48.8566969,2.3514616
48,"Gatineau, Canada",1311,0.00221,45.4283596,-75.7106204
49,"Windsor, Canada",1301,0.0021899999999999997,42.2858536,-82.9780695
50,"London, United Kingdom",1282,0.00216,51.5073219,-0.1276474
51,"Saint-Laurent, Canada",1223,0.00206,45.5088774,-73.6875187
52,"San Jose, California, United States",1206,0.00203,37.3361905,-121.8905833
53,"Pickering, Canada",1189,0.00201,43.835765,-79.090576
54,"Waterloo, Canada",1178,0.00199,43.466874,-80.524635
55,"Squamish, Canada",1130,0.0019100000000000002,49.6980743,-123.1558612
56,"Charlottetown, Canada",1102,0.00186,46.234953,-63.132935
57,"Ajax, Canada",1079,0.00182,43.850374,-79.024658
58,"Newmarket, Canada",1057,0.0017800000000000001,44.056258,-79.461708
59,"Nepean, Canada",1046,0.00176,45.3446891,-75.7639408
60,"Verdun, Canada",1032,0.0017399999999999998,45.459078,-73.5731774
61,"Atlanta, Georgia, United States",1029,0.0017399999999999998,33.7490987,-84.3901849
62,"Surrey, Canada",977,0.00165,49.1913033,-122.8491439
63,"Laval, Canada",969,0.0016300000000000002,45.60558895,-73.73441730569056
64,"Sherbrooke, Canada",957,0.00161,45.403271,-71.889038
65,"Hong Kong, Hong Kong",952,0.00161,22.2793278,114.1628131
66,"Guelph, Canada",947,0.0016,43.533783,-80.2306337
67,"Los Angeles, California, United States",930,0.00157,34.0536909,-118.2427666
68,"Amsterdam, Netherlands",920,0.00155,52.3727598,4.8936041
69,"Woodbridge, Canada",902,0.0015199999999999999,43.7848982,-79.5923855
70,"Richmond, Canada",888,0.0015,45.6508566,-60.8533687
71,"Gloucester, Canada",880,0.00148,47.6138405,-65.2210757
72,"Oakville, Canada",846,0.00143,43.447436,-79.666672
73,"Seoul, Korea (South)",843,0.0014199999999999998,37.5666791,126.9782914
74,"New Westminster, Canada",836,0.00141,49.205728,-122.9108651
75,"Cambridge, Canada",825,0.00139,43.3855479,-80.3113582
76,"Tokyo, Japan",818,0.0013800000000000002,35.6828387,139.7594549
77,"Makati, Philippines",800,0.00135,14.5568853,121.023532
78,"Nanaimo, Canada",785,0.00132,49.1637594,-123.9379719
79,"Abbotsford, Canada",782,0.00132,49.0521162,-122.3294792
80,"Red Deer, Canada",781,0.00132,52.269838,-113.818359
81,"Ghansoli, India",740,0.00125,19.1193307,72.9995096
82,"Ashburn, Virginia, United States",734,0.00124,39.0437192,-77.4874899
83,"Mont-Royal, Canada",711,0.0012,45.5086157,-73.5903112
84,"Tehran, Iran",699,0.00118,35.7006177,51.4013785
85,"Whitehorse, Canada",688,0.00116,60.721571,-135.054932
86,"Port Coquitlam, Canada",684,0.00115,49.2621643,-122.7805425
87,"Newark, New Jersey, United States",681,0.00115,40.735657,-74.1723667
88,"Mexico City, Mexico",673,0.00114,19.4326009,-99.1333416
89,"Chicago, Illinois, United States",654,0.0011,41.8755616,-87.6244212
90,"Islamabad, Pakistan",645,0.00109,33.6938118,73.0651511
91,"Coquitlam, Canada",640,0.00108,49.2842958,-122.793281
92,"Delhi, India",634,0.00107,28.6273928,77.1716954
93,"Brantford, Canada",631,0.00106,43.1554354,-80.2665916
94,"Rimouski, Canada",629,0.00106,48.450155,-68.529968
95,"Sydney, Canada",620,0.00105,46.137977,-60.194092
96,"Kamloops, Canada",617,0.0010400000000000001,50.6758269,-120.3394159
97,"Thunder Bay, Canada",609,0.00103,48.406414,-89.259796
98,"Taipei, Taiwan",607,0.0010199999999999999,25.0375198,121.5636796
99,"Bangalore, India",603,0.0010199999999999999,12.9791198,77.5912997
100,"Prince George, Canada",596,0.00101,53.9128645,-122.7453699
101,"North Vancouver, Canada",592,0.001,49.3207133,-123.0737831
102,"New Delhi, India",576,0.0009699999999999999,28.6141793,77.2022662
103,"Dallas, Texas, United States",572,0.0009599999999999999,32.7762719,-96.7968559
104,"Orleans, Canada",553,0.00093,45.4810323,-75.5100002
105,"Orangeville, Canada",551,0.00093,43.9194098,-80.0988238
106,"Levis, Canada",525,0.0008900000000000001,46.7910096,-71.1753274
107,"Malton, Canada",513,0.0008699999999999999,43.7210703,-79.6418676
108,"Lagos, Nigeria",513,0.0008699999999999999,6.4550575,3.3941795
109,"St Catharines, Canada",510,0.00086,43.1579812,-79.2441003
110,"Grande Prairie, Canada",497,0.00084,55.1709919,-118.7948882
111,"Woodstock, Canada",492,0.0008300000000000001,46.150346,-67.573471
112,"Kanata, Canada",491,0.0008300000000000001,61.0666922,-107.9917071
113,"Milton, Canada",490,0.0008300000000000001,43.513671,-79.882817
114,"Dubai, United Arab Emirates",487,0.00082,25.0657,55.1713
115,"Singapore, Singapore",474,0.0008,1.357107,103.8194992
116,"Corner Brook, Canada",465,0.00078,48.95317,-57.947388
117,"Lethbridge, Canada",459,0.0007700000000000001,49.694285,-112.851562
118,"Moscow, Russian Federation",457,0.0007700000000000001,55.4792046,37.3273304
119,"Magog, Canada",456,0.0007700000000000001,45.265463,-72.147903
120,"Stratford, Canada",453,0.0007599999999999999,43.3713726,-80.9798432
121,"Drummondville, Canada",451,0.0007599999999999999,45.8864303,-72.5018764
122,"San Francisco, California, United States",447,0.00075,37.7647993,-122.4629897
123,"Richmond Hill, Canada",445,0.00075,43.880078,-79.439392
124,"Phoenix, Arizona, United States",445,0.00075,33.4484367,-112.0741417
125,"Hyderabad, India",441,0.00074,17.38878595,78.46106473453146
126,"Sydney, Australia",438,0.00074,-33.8548157,151.2164539
127,"Unionville, Canada",434,0.00073,43.8516697,-79.3143184
128,"York, Canada",418,0.0007,46.0885262,-66.9308031
129,"Istanbul, Turkey",416,0.0007,41.0766019,29.052495
130,"Yerevan, Armenia",414,0.0007,40.1776121,44.5125849
131,"Rabat, Morocco",402,0.0006799999999999999,34.022405,-6.834543
132,"Thornhill, Canada",386,0.00065,43.8161477,-79.4245925
133,"Portland, Oregon, United States",379,0.00064,45.5202471,-122.6741949
134,"Denver, Colorado, United States",378,0.00064,39.7348381,-104.9653271
135,"Mount Pearl, Canada",378,0.00064,47.51822475,-52.81541665213203
136,"White Rock, Canada",374,0.00063,49.0241671,-122.8008415
137,"St Paul, Canada",371,0.00063,45.9842686,-73.4463225
138,"Houston, Texas, United States",365,0.00062,29.7589382,-95.3676974
139,"Bogota, Colombia",365,0.00062,4.59808,-74.0760439
140,"Guangzhou, China",364,0.00061,23.1301964,113.2592945
141,"Mountain View, California, United States",363,0.00061,37.3893889,-122.0832101
142,"Oshawa, Canada",359,0.00061,43.91768,-78.862953
143,"Sao Paulo, Brazil",355,0.0006,-23.5506507,-46.6333824
144,"Kiev, Ukraine",350,0.00059,50.4500336,30.5241361
145,"Rochester, New York, United States",348,0.00059,43.157285,-77.615214
146,"Orlando, Florida, United States",340,0.00057,28.5421109,-81.3790304
147,"Orillia, Canada",339,0.00057,44.6066135,-79.4169256
148,"Saint-Denis, France",336,0.00057,48.935773,2.3580232
149,"Delta, Canada",334,0.00056,49.0846258,-123.0579384
150,"Val-D'or, Canada",328,0.00055,48.1023356,-77.7875715
151,"Madrid, Spain",327,0.00055,40.4167047,-3.7035825
152,"San Diego, California, United States",322,0.00054,32.7174209,-117.1627714
153,"Saint-Jerome, Canada",322,0.00054,45.775426,-74.013176
154,"Lima, Peru",321,0.00054,-12.0621065,-77.0365256
155,"Cupertino, California, United States",320,0.00054,37.3228934,-122.0322895
156,"Duncan, Canada",317,0.00053,48.7786872,-123.7080446
157,"Santa Clara, California, United States",309,0.0005200000000000001,37.2333253,-121.6846349
158,"Saint-Hyacinthe, Canada",305,0.0005099999999999999,45.627484,-72.940636
159,"Tunis, Tunisia",300,0.0005099999999999999,33.8439408,9.400138
160,"Nicolet, Canada",297,0.0005,46.2273284,-72.6191889
161,"Pohang, Korea (South)",295,0.0005,36.0189315,129.3429384
162,"Beijing, China",292,0.00049,39.906217,116.3912757
163,"Bellevue, Washington, United States",292,0.00049,47.6144219,-122.1923372
164,"Fort Mcmurray, Canada",288,0.00049,56.7291997,-111.3885221
165,"Riyadh, Saudi Arabia",284,0.00047999999999999996,24.6319692,46.7150648
166,"Saint-Lambert, Canada",275,0.00045999999999999996,45.5016203,-73.5102981
167,"East York, Canada",270,0.00045999999999999996,43.699971000000005,-79.33251996261595
168,"Brandon, Canada",263,0.00044,49.8511143,-99.9608924
169,"La Baie, Canada",261,0.00044,48.3820121,-71.147339
170,"Aurora, Canada",259,0.00044,43.99973,-79.467545
171,"Zurich, Switzerland",259,0.00044,47.3723941,8.5423328
172,"Lasalle, Canada",256,0.00043,45.4325141,-73.6292667
173,"Miami, Florida, United States",255,0.00043,25.7742658,-80.1936589
174,"Port Louis, Mauritius",252,0.00043,-20.1637281,57.5045331
175,"Secaucus, New Jersey, United States",251,0.00042,40.7899291,-74.0566735
176,"Philadelphia, Pennsylvania, United States",249,0.00042,39.9527237,-75.1635262
177,"Sainte-Therese, Canada",243,0.00041,45.6342923,-73.8362379
178,"Hanoi, Viet Nam",242,0.00041,21.0294498,105.8544441
179,"Frankfurt Am Main, Germany",242,0.00041,50.1106444,8.6820917
180,"Jupiter, Florida, United States",237,0.0004,26.9260832,-80.12108914060954
181,"Yellowknife, Canada",237,0.0004,62.4710386,-114.4467513
182,"Vanier, Canada",235,0.0004,45.4364072,-75.6619152
183,"Cranbrook, Canada",234,0.00039,49.5107477,-115.7672772
184,"Courtenay, Canada",231,0.00039,49.6894061,-124.9954959
185,"Montreal-Nord, Canada",231,0.00039,45.5938992,-73.6376062
186,"Whitby, Canada",231,0.00039,43.899871,-78.940201
187,"Nagoya, Japan",226,0.00037999999999999997,35.1851045,136.8998438
188,"Cleveland, Ohio, United States",222,0.00037,41.5051613,-81.6934446
189,"Concord, Canada",221,0.00037,45.452798,-62.7905136
190,"Belleville, Canada",221,0.00037,44.2436328,-77.3607597
191,"Dublin, Ireland",221,0.00037,53.3497645,-6.2602732
192,"Anjou, Canada",220,0.00037,45.6048982,-73.5466723
193,"Trumbull, Connecticut, United States",219,0.00037,41.2599265,-73.2019777271558
194,"Menlo Park, California, United States",217,0.00037,37.4519671,-122.1779927
195,"Millbrook, Canada",217,0.00037,45.6652261,-63.3682824
196,"Chicoutimi, Canada",216,0.00036,48.3370248,-71.12352613559267
197,"New Minas, Canada",214,0.00036,45.0659745,-64.4556651
198,"Saint-Jean-Sur-Richelieu, Canada",213,0.00036,45.3056879,-73.2533401
199,"Brooks, Canada",213,0.00036,50.571027,-111.893005
200,"Beaverton, Michigan, United States",209,0.00035,43.882247,-84.484732
201,"Boston, Massachusetts, United States",206,0.00035,42.3602534,-71.0582912
202,"Saint-Hubert, Canada",205,0.00035,45.5042755,-73.4216976
203,"Peterborough, Canada",205,0.00035,44.3105564,-78.3310956
204,"Keswick, Canada",202,0.00033999999999999997,53.4190007,-113.6367862
205,"Bucharest, Romania",202,0.00033999999999999997,44.4361414,26.1027202
206,"Medicine Hat, Canada",201,0.00033999999999999997,50.04303,-110.679016
207,"St Louis, Missouri, United States",199,0.00033999999999999997,38.6529545,-90.24111656024635
208,"Auckland, New Zealand (Aotearoa)",198,0.00033,-36.852095,174.7631803
209,"Chennai, India",198,0.00033,13.0801721,80.2838331
210,"Stockholm, Sweden",197,0.00033,59.3251172,18.0710935
211,"Dhaka, Bangladesh",196,0.00033,23.7593572,90.3788136
212,"Indianapolis, Indiana, United States",191,0.00032,39.7683331,-86.1583502
213,"Joliette, Canada",190,0.00032,46.0239798,-73.4419936
214,"Gurgaon, India",190,0.00032,28.42766555,77.00313017217064
215,"Panama City, Panama",189,0.00032,8.9714493,-79.5341802
216,"Tampa, Florida, United States",189,0.00032,27.9477595,-82.458444
217,"Algiers, Algeria",189,0.00032,36.7753606,3.0601882
218,"Karachi, Pakistan",188,0.00032,25.1446897,67.1847767315734
219,"St Paul, Minnesota, United States",185,0.00031,44.9504037,-93.1015026
220,"Pittsburgh, Pennsylvania, United States",185,0.00031,40.4416941,-79.9900861
221,"Sackville, Canada",183,0.00031,45.8999177,-64.3655256
222,"Repentigny, Canada",183,0.00031,45.7326055,-73.4528307
223,"Richardson, Texas, United States",182,0.00031,32.9481789,-96.7297206
224,"Shawinigan, Canada",182,0.00031,46.5389609,-72.7467621
225,"North Bay, Canada",182,0.00031,46.3092115,-79.4607617
226,"Sangam-Dong, Korea (South)",182,0.00031,37.57092,126.87752
227,"Las Vegas, Nevada, United States",182,0.00031,36.1672559,-115.1485163
228,"Sault Ste. Marie, Canada",181,0.00031,46.52391,-84.320068
229,"Prince Albert, Canada",180,0.0003,53.215668550000004,-105.7146262095826
230,"Dollard-Des-Ormeaux, Canada",178,0.0003,45.48423,-73.8064547
231,"Saint-Leonard, Canada",178,0.0003,47.1651978,-67.9244707
232,"Milan, Italy",176,0.0003,45.4668,9.1905
233,"Melbourne, Australia",176,0.0003,-37.8142176,144.9631608
234,"Tlalpan, Mexico",175,0.0003,19.200877,-99.21701240427146
235,"Stoke-On-Trent, United Kingdom",174,0.00029,53.0162014,-2.1812607
236,"Maple, Canada",173,0.00029,53.47413,-113.351242
237,"Parksville, Canada",173,0.00029,49.3179514,-124.3117397
238,"Brussels, Belgium",172,0.00029,50.8436709,4.3674366933879565
239,"Clifford, Canada",172,0.00029,43.9700865,-80.9752464
240,"Streetsville, Canada",169,0.00029,43.5811361,-79.7127963
241,"St. Albert, Canada",168,0.00028,53.633239,-113.628845
242,"Berlin, Germany",168,0.00028,52.5170365,13.3888599
243,"Niagara Falls, Canada",167,0.00028,43.100983,-79.115295
244,"Marietta, Georgia, United States",166,0.00028,33.9528472,-84.5496148
245,"Yorkton, Canada",166,0.00028,51.212045,-102.461243
246,"Salaberry-De-Valleyfield, Canada",166,0.00028,45.2555625,-74.1316153
247,"Bridgewater, Canada",164,0.00028,44.3774134,-64.5193946
248,"Alma, Canada",164,0.00028,48.548887,-71.651459
249,"Nuremberg, Germany",163,0.00027,49.453872,11.077298
250,"Mount Laurel, New Jersey, United States",162,0.00027,39.934002,-74.8909988
251,"Buenos Aires, Argentina",160,0.00027,-34.6075682,-58.4370894
252,"Munich, Germany",160,0.00027,48.1371079,11.5753822
253,"Rome, Italy",160,0.00027,41.8933203,12.4829321
254,"Warsaw, Poland",159,0.00027,52.2337172,21.07141112883227
255,"Bangkok, Thailand",159,0.00027,13.7538929,100.8160803
256,"Fremont, California, United States",158,0.00027,37.5482697,-121.9885719
257,"Manhattan, Illinois, United States",158,0.00027,41.4225316,-87.9858863
258,"Cambridge, Massachusetts, United States",158,0.00027,42.3750997,-71.1056157
259,"Horsham, Pennsylvania, United States",158,0.00027,40.1784422,-75.1285061
260,"Calcutta, India",158,0.00027,22.5677459,88.3476023
261,"Sainte-Genevieve, Canada",157,0.00026000000000000003,45.4804715,-73.8701471
262,"Vernon, Canada",155,0.00026000000000000003,50.268277,-119.267578
263,"Buffalo, New York, United States",154,0.00026000000000000003,42.8867166,-78.8783922
264,"Giza, Egypt",154,0.00026000000000000003,30.0170039,31.2134508
265,"Grimsby, Canada",154,0.00026000000000000003,43.19116,-79.556465
266,"Cornwall, Canada",152,0.00026000000000000003,45.0469989,-74.7333845
267,"Kuala Lumpur, Malaysia",152,0.00026000000000000003,3.1516636,101.6943028
268,"Brockville, Canada",150,0.00025,44.6039207,-75.7016829
269,"Surat, India",149,0.00025,21.1864607,72.8081281
270,"New Liskeard, Canada",148,0.00025,47.508731,-79.6789029
271,"Sunnyvale, California, United States",146,0.00025,37.3688301,-122.0363496
272,"Canmore, Canada",146,0.00025,51.0866897,-115.3481135
273,"Collingwood, Canada",144,0.00023999999999999998,44.496505,-80.217018
274,"Abidjan, Cote D'Ivoire (Ivory Coast)",144,0.00023999999999999998,5.3427422,-3.9871308334671474
275,"Sarasota, Florida, United States",144,0.00023999999999999998,27.3364347,-82.5306527
276,"Luxembourg, Luxembourg",143,0.00023999999999999998,49.8158683,6.1296751
277,"Herndon, Virginia, United States",143,0.00023999999999999998,38.9695316,-77.3859479
278,"West Vancouver, Canada",141,0.00023999999999999998,49.3311208,-123.1594791
279,"Bolton, Canada",140,0.00023999999999999998,43.879548,-79.73826
280,"Cairo, Egypt",138,0.00022999999999999998,30.048819,31.243666
281,"Santiago, Chile",135,0.00022999999999999998,-33.4377968,-70.6504451
282,"Lisbon, Portugal",135,0.00022999999999999998,38.7077507,-9.1365919
283,"Sherwood Park, Canada",134,0.00022999999999999998,53.5256963,-113.2966313
284,"Terrebonne, Canada",133,0.00022,45.7081005,-73.6515157
285,"Barcelona, Spain",130,0.00022,41.3828939,2.1774322
286,"Eganville, Canada",129,0.00022,45.5406943,-77.1004317
287,"Middletown, New Jersey, United States",129,0.00022,40.3898188,-74.1162152
288,"Nairobi, Kenya",129,0.00022,-1.2832533,36.8172449
289,"Beirut, Lebanon",129,0.00022,33.8959203,35.47843
290,"Prague, Czech Republic",128,0.00022,50.0874654,14.4212535
291,"Stittsville, Canada",127,0.00021,45.2690657,-75.91452307567019
292,"Granby, Canada",127,0.00021,45.3990409,-72.721834
293,"Detroit, Michigan, United States",127,0.00021,42.3315509,-83.0466403
294,"Ann Arbor, Michigan, United States",126,0.00021,42.2681569,-83.7312291
295,"Summerside, Canada",125,0.00021,46.394306,-63.789368
296,"Sept-Iles, Canada",124,0.00021,50.2109579,-66.3790642
297,"Pune, India",123,0.00021,18.521428,73.8544541
298,"Stamford, Connecticut, United States",123,0.00021,41.0534302,-73.5387341
299,"Osaka, Japan",122,0.00021,34.6198813,135.490357
300,"Broomfield, Colorado, United States",122,0.00021,39.9203827,-105.0691464
301,"Welland, Canada",121,0.0002,42.993097,-79.250565
302,"Ankara, Turkey",121,0.0002,39.7160439,32.7059948
303,"Vienna, Austria",120,0.0002,48.2083537,16.3725042
304,"Lloydminster, Canada",119,0.0002,53.279995,-110.00885
305,"Manchester, United Kingdom",119,0.0002,53.4794892,-2.2451148
306,"Petah Tiqwa, Israel",118,0.0002,0.0,0.0
307,"Sioux Lookout, Canada",116,0.0002,50.11345465,-92.19624322619077
308,"Chantilly, Virginia, United States",116,0.0002,38.8941543,-77.4311513
309,"Timmins, Canada",116,0.0002,48.477473,-81.330414
310,"Santo Domingo, Dominican Republic",115,0.00018999999999999998,18.4801972,-69.942111
311,"Eau Claire, Wisconsin, United States",115,0.00018999999999999998,44.811349,-91.4984941
312,"Minneapolis, Minnesota, United States",114,0.00018999999999999998,44.9772995,-93.2654692
313,"Dakar, Senegal",114,0.00018999999999999998,14.693425,-17.447938
314,"L'ancienne-Lorette, Canada",114,0.00018999999999999998,46.8063745,-71.3584717
315,"Hull, Canada",114,0.00018999999999999998,45.4405589,-75.7326217
316,"Truro, Canada",114,0.00018999999999999998,45.366668,-63.300006
317,"Minsk, Belarus",113,0.00018999999999999998,53.902334,27.5618791
318,"San Mateo, California, United States",113,0.00018999999999999998,37.496904,-122.3330573
319,"Nelson, Canada",113,0.00018999999999999998,49.494891,-117.290039
320,"Saint-Eustache, Canada",112,0.00018999999999999998,45.5646052,-73.8929714
321,"Rio De Janeiro, Brazil",112,0.00018999999999999998,-22.9110137,-43.2093727
322,"Colombo, Sri Lanka",111,0.00018999999999999998,6.9349969,79.8538463
323,"Ahmedabad, India",110,0.00018999999999999998,23.0216238,72.5797068
324,"Athens, Greece",110,0.00018999999999999998,37.9841493,23.7279843
325,"New Glasgow, Canada",110,0.00018999999999999998,45.5869474,-62.6483547
326,"Sainte-Marie, Canada",109,0.00018,46.450395,-71.030731
327,"Amman, Jordan",109,0.00018,31.9515694,35.9239625
328,"Jakarta, Indonesia",108,0.00018,-6.1753942,106.827183
329,"Dublin, Canada",107,0.00018,43.4984009,-81.2911804
330,"Smiths Falls, Canada",105,0.00018,44.8949744,-76.0176964
331,"Stoney Creek, Canada",105,0.00018,43.217687,-79.758682
332,"Fairfield, Connecticut, United States",104,0.00018,41.2943069,-73.37486
333,"St Georges, Canada",104,0.00018,46.122987,-70.671959
334,"Helsinki, Finland",104,0.00018,60.1674098,24.9425769
335,"Columbus, Ohio, United States",104,0.00018,39.9622601,-83.0007065
336,"Valcourt, Canada",104,0.00018,45.4937347,-72.3151116
337,"Airdrie, Canada",104,0.00018,51.28597,-114.01062
338,"Canberra, Australia",104,0.00018,-35.2975906,149.1012676
339,"Garza Garcia, Mexico",103,0.00016999999999999999,25.7792129,-100.1866612
340,"Velizy-Villacoublay, France",102,0.00016999999999999999,48.7809496,2.1900052
341,"Dusseldorf, Germany",101,0.00016999999999999999,51.2254018,6.7763137
342,"Pointe-Claire, Canada",101,0.00016999999999999999,45.4566767,-73.8067442
343,"Mountain Grove, Canada",100,0.00016999999999999999,44.7359044,-76.8455109
344,"Campbell River, Canada",100,0.00016999999999999999,50.023071,-125.2441538
345,"Penticton, Canada",100,0.00016999999999999999,49.494891,-119.594421
346,"Yaounde, Cameroon",100,0.00016999999999999999,3.8689867,11.5213344
347,"Deland, Florida, United States",100,0.00016999999999999999,29.0283213,-81.3031098
348,"Lewes, Delaware, United States",98,0.00016999999999999999,38.7745565,-75.1393498
349,"Sofia, Bulgaria",97,0.00016,42.6978634,23.3221789
350,"Waltham, Massachusetts, United States",96,0.00016,42.3756401,-71.2358004
351,"Mars, Pennsylvania, United States",95,0.00016,40.6958342,-80.011878
352,"Taichung, Taiwan",94,0.00016,24.163162,120.6478282
353,"Chilliwack, Canada",94,0.00016,49.157677,-121.9514307
354,"Storm Lake, Iowa, United States",94,0.00016,42.6453271,-95.1992916
355,"Riga, Latvia",94,0.00016,56.9493977,24.1051846
356,"Prince Rupert, Canada",94,0.00016,54.3126572,-130.32549
357,"North Battleford, Canada",94,0.00016,52.776186,-108.300476
358,"Geneve, Switzerland",94,0.00016,46.2017559,6.1466014
359,"Aubervilliers, France",93,0.00016,48.9146078,2.3821895
360,"North Sydney, Australia",92,0.00016,-33.8354519,151.2083011
361,"Carrollton, Texas, United States",92,0.00016,32.9537349,-96.8902816
362,"Manassas, Virginia, United States",92,0.00016,38.744947,-77.48244422524272
363,"Doha, Qatar",92,0.00016,25.2856329,51.5264162
364,"Ludhiana, India",92,0.00016,30.9090157,75.851601
365,"Austin, Texas, United States",92,0.00016,30.2711286,-97.7436995
366,"Ft Worth, Texas, United States",91,0.00015,32.753177,-97.3327459
367,"Burgessville, Canada",91,0.00015,43.0237874,-80.653369
368,"Leduc, Canada",91,0.00015,53.2607636,-113.5501238
369,"Naperville, Illinois, United States",91,0.00015,41.7728699,-88.1479278
370,"Chandigarh, India",90,0.00015,30.7194022,76.7646552
371,"Irvine, California, United States",90,0.00015,33.6856969,-117.8259819
372,"Midhurst, Canada",89,0.00015,44.4475856,-79.733624
373,"Medellin, Colombia",89,0.00015,6.2443382,-75.573553
374,"Kingston, Jamaica",89,0.00015,17.9712148,-76.7928128
375,"Okotoks, Canada",87,0.00015,50.7253685,-113.975082
376,"Stellarton, Canada",87,0.00015,45.5574527,-62.6591139
377,"Tiverton, Canada",87,0.00015,44.3886196,-66.2138548
378,"Brisbane, Australia",87,0.00015,-27.4689682,153.0234991
379,"Sheffield, United Kingdom",86,0.00015,53.3806626,-1.4702278
380,"Salt Lake City, Utah, United States",86,0.00015,40.7596198,-111.8867975
381,"Cochrane, Canada",86,0.00015,50.630898,-82.1914444
382,"Shanghai, China",86,0.00015,31.2322758,121.4692071
383,"Surfside, California, United States",86,0.00015,33.7277956,-118.0822856
384,"Arnprior, Canada",86,0.00015,45.435081,-76.357384
385,"Troy, Michigan, United States",85,0.00014,42.6055893,-83.1499304
386,"Swift Current, Canada",85,0.00014,50.285829,-107.800598
387,"Ealing, United Kingdom",85,0.00014,51.5126553,-0.3051952
388,"Hsinchu, Taiwan",84,0.00014,24.8066333,120.9686833
389,"Baltimore, Maryland, United States",84,0.00014,39.2908816,-76.610759
390,"Moose Jaw, Canada",84,0.00014,50.401515,-105.542908
391,"Edison, New Jersey, United States",84,0.00014,40.5382375,-74.39451734508772
392,"Midland, Canada",83,0.00014,44.750147,-79.885712
393,"Clarkson, Canada",82,0.00014,43.512541,-79.6343747
394,"Westmount, Canada",82,0.00014,45.4857329,-73.5963951
395,"Taoyuan City, Taiwan",81,0.00014,24.993923,121.30168
396,"Pembroke, Canada",81,0.00014,45.8209741,-77.1115433
397,"Rancho Cucamonga, California, United States",81,0.00014,34.1033192,-117.5751735
398,"Baie-Comeau, Canada",81,0.00014,49.217597,-68.152313
399,"Copenhagen, Denmark",81,0.00014,55.6867243,12.5700724
400,"Haney, Canada",80,0.00013000000000000002,49.2183683,-122.6250338
401,"Kansas City, Missouri, United States",80,0.00013000000000000002,39.100105,-94.5781416
402,"Olds, Canada",79,0.00013000000000000002,51.7923735,-114.1130367
403,"Irving, Texas, United States",79,0.00013000000000000002,32.8295183,-96.9442177
404,"Noida, India",79,0.00013000000000000002,28.5726442,77.3547609
405,"Salmon Arm, Canada",78,0.00013000000000000002,50.7005059,-119.2790529
406,"Choisy-Le-Roi, France",78,0.00013000000000000002,48.7630238,2.4093664
407,"Kensington And Chelsea, United Kingdom",78,0.00013000000000000002,51.4989948,-0.1991229
408,"Scarsdale, New York, United States",77,0.00013000000000000002,40.9690798,-73.7635316
409,"Sarnia, Canada",77,0.00013000000000000002,42.9746137,-82.4065585
410,"Casablanca, Morocco",77,0.00013000000000000002,33.5950627,-7.6187768
411,"Bowmanville, Canada",76,0.00013000000000000002,43.9105141,-78.6801392
412,"Yarmouth, Canada",76,0.00013000000000000002,43.8553447,-65.9143055
413,"Woodbridge, New Jersey, United States",76,0.00013000000000000002,40.55418,-74.28600076944446
414,"Vilnius, Lithuania",75,0.00013000000000000002,54.6870458,25.2829111
415,"Matane, Canada",75,0.00013000000000000002,48.8468633,-67.5295977
416,"Port Of Spain, Trinidad and Tobago",75,0.00013000000000000002,10.6572678,-61.5180173
417,"Richmond, Virginia, United States",75,0.00013000000000000002,37.5385087,-77.43428
418,"Donnacona, Canada",75,0.00013000000000000002,46.676532,-71.73008
419,"Arlington, Virginia, United States",75,0.00013000000000000002,38.8769326,-77.0893094
420,"Kaslo, Canada",74,0.00011999999999999999,49.9106155,-116.9049841
421,"St Thomas, Canada",74,0.00011999999999999999,42.7750851,-81.1809205
422,"Amos, Canada",74,0.00011999999999999999,48.5718519,-78.1160856
423,"Camrose, Canada",74,0.00011999999999999999,53.013131,-112.840576
424,"San Antonio, Texas, United States",73,0.00011999999999999999,29.4246002,-98.4951405
425,"Weyburn, Canada",73,0.00011999999999999999,49.669405,-103.851013
426,"Lahore, Pakistan",73,0.00011999999999999999,31.5656079,74.3141775
427,"Mechelen, Belgium",73,0.00011999999999999999,51.0281381,4.4803453
428,"Cedar Rapids, Iowa, United States",73,0.00011999999999999999,41.9758872,-91.6704053
429,"Aylmer, Canada",72,0.00011999999999999999,45.3950895,-75.8442452
430,"Castlegar, Canada",72,0.00011999999999999999,49.316171,-117.663574
431,"Amherst, Canada",72,0.00011999999999999999,45.8347665,-64.2132284
432,"Roxboro, Canada",71,0.00011999999999999999,51.0271244,-114.0687076
433,"Whistler, Canada",71,0.00011999999999999999,50.1171903,-122.9543022
434,"Georgetown, Canada",70,0.00011999999999999999,46.1844077,-62.5315437
435,"Oslo, Norway",70,0.00011999999999999999,59.9133301,10.7389701
436,"Neihu District, Taiwan",69,0.00011999999999999999,25.069664,121.5889983
437,"Jinan, China",69,0.00011999999999999999,36.6507007,117.1140042
438,"Maniwaki, Canada",69,0.00011999999999999999,46.3781464,-75.9805734
439,"Pompano Beach, Florida, United States",68,0.00011,26.2378597,-80.1247667
440,"Richfield, Ohio, United States",68,0.00011,41.2397772,-81.6381785
441,"Kuwait, Kuwait",67,0.00011,29.2733964,47.4979476
442,"Charlotte, North Carolina, United States",67,0.00011,35.2270869,-80.8431268
443,"Port Alberni, Canada",67,0.00011,49.2343668,-124.8056517
444,"Ft Lauderdale, Florida, United States",66,0.00011,26.1223084,-80.1433786
445,"Spruce Grove, Canada",66,0.00011,53.545204,-113.903503
446,"Rockville, Maryland, United States",66,0.00011,39.0840054,-77.1527573
447,"Monroe, Louisiana, United States",66,0.00011,32.5093109,-92.1193012
448,"Sansing, Taiwan",65,0.00011,0.0,0.0
449,"Cincinnati, Ohio, United States",65,0.00011,39.1014537,-84.5124602
450,"Westbank, Canada",65,0.00011,49.8309376,-119.62889
451,"Belgrade, Serbia",65,0.00011,44.8178131,20.4568974
452,"Budapest, Hungary",65,0.00011,47.48138955,19.14607278448202
453,"Hangzhou, China",65,0.00011,30.2489634,120.2052342
454,"St Petersburg, Russian Federation",64,0.00011,59.9606739,30.1586551
455,"Ft St John, Canada",64,0.00011,56.2524039,-120.846943
456,"Thetford Mines, Canada",64,0.00011,46.091329,-71.30127
457,"Ancaster, Canada",63,0.00011,43.225693,-79.976692
458,"Sorel-Tracy, Canada",63,0.00011,46.0435235,-73.1165159
459,"Kirkton, Canada",63,0.00011,43.3242482,-81.3133998
460,"Ogden, Utah, United States",63,0.00011,41.2230048,-111.9738429
461,"Port Perry, Canada",62,0.0001,44.101147,-78.947754
462,"Ivrea, Italy",62,0.0001,45.4673791,7.874797
463,"Saint-Constant, Canada",62,0.0001,45.3724897,-73.5704589
464,"Bielefeld, Germany",62,0.0001,52.0191005,8.531007
465,"Zagreb, Croatia (Hrvatska)",62,0.0001,45.729642049999995,16.059940753873775
466,"Simcoe, Canada",62,0.0001,44.5014007,-79.7038708
467,"Cotonou, Benin",62,0.0001,6.3676953,2.4252507
468,"Gormley, Canada",61,0.0001,43.9378833,-79.3980873
469,"Guadalajara, Mexico",61,0.0001,20.6720375,-103.3383962
470,"Cooksville, Canada",60,0.0001,43.5802444,-79.6163757
471,"Sechelt, Canada",60,0.0001,49.4721147,-123.7631244
472,"Stuttgart, Germany",60,0.0001,48.7784485,9.1800132
473,"Missoula, Montana, United States",60,0.0001,46.8701049,-113.9952672
474,"Providence, Rhode Island, United States",60,0.0001,41.8239891,-71.4128343
475,"Accra, Ghana",60,0.0001,5.5600141,-0.2057437
476,"Outremont, Canada",60,0.0001,45.5186167,-73.6068856
477,"Pretoria, South Africa",59,0.0001,-25.7459374,28.1879444
478,"Tashkent, Uzbekistan",59,0.0001,41.3123363,69.2787079
479,"San Jose, Costa Rica",59,0.0001,9.9325427,-84.0795782
480,"Nashville, Tennessee, United States",59,0.0001,36.1622296,-86.7743531
481,"Saint-Nicolas, Canada",59,0.0001,46.7000531,-71.3965556
482,"Perth, Australia",59,0.0001,-31.9527121,115.8604796
483,"Johannesburg, South Africa",59,0.0001,-26.205,28.049722
484,"Cologne, Germany",58,0.0001,50.938361,6.959974
485,"Kinshasa, Congo (Democratic Republic)",58,0.0001,0.0,0.0
486,"The Hague, Netherlands",58,0.0001,52.0799838,4.3113461
487,"Englewood, Colorado, United States",58,0.0001,39.6482059,-104.9879641
488,"Roberval, Canada",58,0.0001,48.514785,-72.224808
489,"Bratislava, Slovak Republic",58,0.0001,48.1516988,17.1093063
490,"Bonn, Germany",58,0.0001,50.735851,7.10066
491,"Winchester, United Kingdom",57,0.0001,51.0612766,-1.3131692
492,"Terrace, Canada",56,9e-05,54.5172715,-128.5995482
493,"Puteaux, France",56,9e-05,48.8841522,2.2368863
494,"Vineland, Canada",56,9e-05,43.1510757,-79.3923803
495,"Kenora, Canada",56,9e-05,54.0245941,-89.1618188
496,"Mcallen, Texas, United States",56,9e-05,26.2043691,-98.230082
497,"Plano, Texas, United States",56,9e-05,33.0136764,-96.6925096
498,"Shah Alam, Malaysia",55,9e-05,3.0686213,101.5183418
499,"Haifa, Israel",54,9e-05,32.8191218,34.9983856
500,"Des Moines, Iowa, United States",54,9e-05,41.5910641,-93.6037149
501,"Beauport, Canada",54,9e-05,46.90711055,-71.21279691763316
502,"Wilmington, Delaware, United States",54,9e-05,39.7459468,-75.546589
503,"Manama, Bahrain",54,9e-05,26.2235041,50.5822436
504,"Quito, Ecuador",53,9e-05,-0.2201641,-78.5123274
505,"Peace River, Canada",53,9e-05,56.9023215,-122.627278
506,"Santa Monica, California, United States",53,9e-05,34.0250724,-118.4965129
507,"Tbilisi, Georgia",52,9e-05,41.6934591,44.8014495
508,"Adis Abeba, Ethiopia",52,9e-05,9.0,38.75
509,"Perth, Canada",52,9e-05,43.4935991,-81.0164111
510,"Boucherville, Canada",52,9e-05,45.6050197,-73.4526144
511,"Baghdad, Iraq",52,9e-05,33.3024309,44.3787992
512,"Middlesbrough, United Kingdom",51,9e-05,54.5760419,-1.2344047
513,"Annapolis, Maryland, United States",51,9e-05,38.9786401,-76.492786
514,"Darien, Connecticut, United States",51,9e-05,41.0787079,-73.4692873
515,"Dryden, Canada",51,9e-05,49.785698,-92.835846
516,"Tower Hamlets, United Kingdom",51,9e-05,51.1288633,1.2986686
517,"Masqat, Oman",51,9e-05,23.5997857,58.5451305
518,"Concord, California, United States",50,8e-05,37.9768525,-122.0335624
519,"Auburn Hills, Michigan, United States",50,8e-05,42.6875323,-83.2341028
520,"Tallinn, Estonia",50,8e-05,59.4250354,24.74386926051089
521,"Mahwah, New Jersey, United States",50,8e-05,41.0887072,-74.1437552
522,"Ste Catherine, Canada",50,8e-05,45.400642,-73.5756074
523,"Hamburg, Germany",49,8e-05,53.5437641,10.0099133
524,"Omaha, Nebraska, United States",49,8e-05,41.2587459,-95.9383758
525,"Stockton, California, United States",48,8e-05,37.9577016,-121.2907796
526,"Manila, Philippines",48,8e-05,14.5906216,120.9799696
527,"Revelstoke, Canada",48,8e-05,50.998045,-118.1956709
528,"Clinton, Canada",48,8e-05,51.0916698,-121.5865244
529,"Pitt Meadows, Canada",48,8e-05,49.2207623,-122.6901534
530,"Beaverton, Oregon, United States",47,8e-05,45.4871723,-122.8037804
531,"Dawson Creek, Canada",47,8e-05,55.7605306,-120.2364453
532,"Redbridge, United Kingdom",47,8e-05,51.5763203,0.0454097
533,"Morristown, New Jersey, United States",47,8e-05,40.7970384,-74.4809492
534,"Kharkiv, Ukraine",47,8e-05,49.9902794,36.2303893
535,"Cape Town, South Africa",47,8e-05,-33.928992,18.417396
536,"Chisinau, Moldova",47,8e-05,47.0244707,28.8322534
537,"Varennes, Canada",46,8e-05,45.6834691,-73.4362737
538,"Leamington, Canada",46,8e-05,42.051842,-82.599335
539,"Fort Frances, Canada",46,8e-05,48.6114425,-93.3967615
540,"Saint-Flavien, Canada",46,8e-05,46.513516,-71.596184
541,"St-Michel-Des-Saints, Canada",46,8e-05,46.6786221,-73.9176803
542,"North Gower, Canada",46,8e-05,45.14338065,-75.70414073232809
543,"Almaty, Kazakhstan",46,8e-05,43.2363924,76.9457275
544,"Overland Park, Kansas, United States",45,8e-05,38.9742502,-94.6851702
545,"Cambridge, United Kingdom",45,8e-05,52.2034823,0.1235817
546,"Kampala, Uganda",45,8e-05,0.3177137,32.5813539
547,"Guayaquil, Ecuador",45,8e-05,-2.1899066,-79.887726
548,"Alpharetta, Georgia, United States",45,8e-05,34.0709576,-84.2747329
549,"Sidney, Canada",45,8e-05,48.6505788,-123.3983246
550,"Tirana, Albania",45,8e-05,41.31588575,19.900912164461147
551,"Williams Lake, Canada",45,8e-05,52.129081,-122.1397346
552,"Newbury, United Kingdom",45,8e-05,51.390816900000004,-1.3285521893330188
553,"Thanh Pho Ho Chi Minh, Viet Nam",44,7e-05,10.6497452,106.76197937344351
554,"Bristol, United Kingdom",44,7e-05,51.4538022,-2.5972985
555,"Port Au Prince, Haiti",44,7e-05,18.547327,-72.3395928
556,"Thorold, Canada",44,7e-05,43.1179352,-79.202235
557,"Monterrey, Mexico",43,7e-05,25.6802019,-100.3152586
558,"Lindsay, Canada",43,7e-05,44.3551266,-78.7369939
559,"Madison, Wisconsin, United States",43,7e-05,43.074761,-89.3837613
560,"East Selkirk, Canada",43,7e-05,50.146986,-96.880188
561,"Antananarivo, Madagascar",43,7e-05,-18.9100122,47.5255809
562,"Utrecht, Netherlands",42,7e-05,52.0949753,5.109708
563,"Westchester, Illinois, United States",42,7e-05,41.8505866,-87.8820048
564,"Chalk River, Canada",42,7e-05,46.0811286,-77.6066366
565,"Boulogne-Billancourt, France",42,7e-05,48.8356649,2.240206
566,"Oklahoma City, Oklahoma, United States",42,7e-05,35.4729886,-97.5170536
567,"Amersfoort, Netherlands",42,7e-05,52.163773899999995,5.3965879493517015
568,"Boca Raton, Florida, United States",42,7e-05,26.3586885,-80.0830984
569,"Estevan, Canada",42,7e-05,49.1428076,-102.9910752
570,"Fort Saskatchewan, Canada",41,7e-05,53.712965,-113.214111
571,"Changsha, China",41,7e-05,28.1979483,112.97133
572,"Kincardine, Canada",41,7e-05,44.1776378,-81.6348713
573,"Lyon, France",41,7e-05,45.7578137,4.8320114
574,"Brasilia, Brazil",41,7e-05,-10.3333333,-53.2
575,"Montevideo, Uruguay",41,7e-05,-34.9059039,-56.1913569
576,"Reston, Virginia, United States",40,7e-05,38.9584018,-77.3579743
577,"Drayton Valley, Canada",40,7e-05,53.2205548,-114.9832127
578,"Ripley, Canada",40,7e-05,44.0711837,-81.5755462
579,"Del Mar, California, United States",40,7e-05,32.9594891,-117.2653146
580,"Slave Lake, Canada",40,7e-05,55.2810741,-114.7717876
581,"Edinburgh, United Kingdom",40,7e-05,55.9533456,-3.1883749
582,"Trenton, Canada",40,7e-05,44.1019126,-77.57539
583,"Huntsville, Canada",40,7e-05,45.3277572,-79.2167067
584,"Shinjuku, Japan",39,7e-05,35.6937632,139.7036319
585,"Sainte-Julie, Canada",39,7e-05,45.5930624,-73.3395943
586,"Lome, Togo",39,7e-05,6.130419,1.215829
587,"Lulea, Sweden",39,7e-05,65.5831187,22.1459535
588,"Milton Keynes, United Kingdom",39,7e-05,52.0429797,-0.7589607
589,"Almonte, Canada",39,7e-05,45.226049,-76.1945277
590,"Nanjing, China",38,5.9999999999999995e-05,32.0609736,118.7916458
591,"Fenelon Falls, Canada",38,5.9999999999999995e-05,44.535925,-78.737904
592,"Hawkesbury, Canada",38,5.9999999999999995e-05,45.60556,-74.5990487
593,"Angeles, Philippines",38,5.9999999999999995e-05,15.1399659,120.5879182
594,"Hatfield, United Kingdom",38,5.9999999999999995e-05,51.7634675,-0.2258741
595,"Powell River, Canada",38,5.9999999999999995e-05,49.835676,-124.5244122
596,"Victoriaville, Canada",38,5.9999999999999995e-05,46.0573705,-71.9536674
597,"Knowlton, Canada",37,5.9999999999999995e-05,45.2159633,-72.5102422
598,"Gibsons, Canada",37,5.9999999999999995e-05,49.4006197,-123.5089186
599,"Da-An District, Taiwan",37,5.9999999999999995e-05,25.0333294,121.5435546
600,"Bracebridge, Canada",37,5.9999999999999995e-05,45.041508,-79.310989
601,"Toulouse, France",37,5.9999999999999995e-05,43.6044622,1.4442469
602,"Marseille, France",37,5.9999999999999995e-05,43.2961743,5.3699525
603,"Slough, United Kingdom",37,5.9999999999999995e-05,51.50342695,-0.5748721523852964
604,"Caracas, Venezuela",37,5.9999999999999995e-05,10.506098,-66.9146017
605,"Amqui, Canada",37,5.9999999999999995e-05,48.4656706,-67.4315171
606,"Lalitpur, Nepal",36,5.9999999999999995e-05,27.6676649,85.3183888179628
607,"Gladwin, Michigan, United States",36,5.9999999999999995e-05,43.9747774,-84.3873235
608,"Secunderabad, India",36,5.9999999999999995e-05,17.4690889,78.5059176
609,"Ste Anne, Canada",36,5.9999999999999995e-05,49.671608,-96.6539319
610,"Bristow, Virginia, United States",36,5.9999999999999995e-05,38.7233263,-77.5365669
611,"Wolfville, Canada",36,5.9999999999999995e-05,45.0914073,-64.3645102
612,"Cabano, Canada",36,5.9999999999999995e-05,47.6836969,-68.8853408
613,"Princeton, New Jersey, United States",35,5.9999999999999995e-05,40.3492744,-74.6592958
614,"Alexandria, Virginia, United States",35,5.9999999999999995e-05,38.8051095,-77.0470229
615,"Kigali, Rwanda",35,5.9999999999999995e-05,-1.8859597,30.1296751
616,"Sacramento, California, United States",35,5.9999999999999995e-05,38.5815719,-121.4943996
617,"Sylvan Lake, Canada",35,5.9999999999999995e-05,52.3056132,-114.0908391
618,"Shijiazhuang, China",34,5.9999999999999995e-05,38.04,114.47
619,"Westport, Canada",34,5.9999999999999995e-05,44.263215,-66.3532715
620,"Mount Prospect, Illinois, United States",34,5.9999999999999995e-05,42.0664167,-87.9372908
621,"Trail, Canada",34,5.9999999999999995e-05,49.099049,-117.713013
622,"Tel Aviv, Israel",34,5.9999999999999995e-05,32.0804808,34.7805274
623,"Bay Roberts, Canada",34,5.9999999999999995e-05,47.575924,-53.2833409
624,"Gaspe, Canada",34,5.9999999999999995e-05,48.6580556,-65.7527778
625,"Whitecourt, Canada",34,5.9999999999999995e-05,54.12738935,-115.6515975137172
626,"Guevarra, Philippines",34,5.9999999999999995e-05,15.477251,120.7179081
627,"Wellington, New Zealand (Aotearoa)",33,5.9999999999999995e-05,-41.2887953,174.7772114
628,"Sterling Heights, Michigan, United States",33,5.9999999999999995e-05,42.5803122,-83.0302033
629,"Sainte-Anne-De-Bellevue, Canada",33,5.9999999999999995e-05,45.4092897,-73.9461485
630,"Piscataway, New Jersey, United States",33,5.9999999999999995e-05,40.5462553,-74.4660408
631,"Roubaix, France",33,5.9999999999999995e-05,50.6915893,3.1741734
632,"Quesnel, Canada",33,5.9999999999999995e-05,52.9794279,-122.4936273
633,"Little Rock, Arkansas, United States",33,5.9999999999999995e-05,34.7464809,-92.2895948
634,"Minato, Japan",33,5.9999999999999995e-05,35.6432274,139.7400553
635,"Strasbourg, France",33,5.9999999999999995e-05,48.584614,7.7507127
636,"Hydro, Oklahoma, United States",32,5e-05,35.549724499999996,-98.5797193048155
637,"Redwood City, California, United States",32,5e-05,37.4863239,-122.2325233
638,"Hope, Canada",32,5e-05,49.3799438,-121.4413515
639,"Hopkins, Minnesota, United States",32,5e-05,44.9271194,-93.4074945
640,"Jacksonville, Florida, United States",32,5e-05,30.3321838,-81.655651
641,"Maslak, Turkey",32,5e-05,41.1099991,29.020591
642,"Kabul, Afghanistan",32,5e-05,34.5260131,69.1776476
643,"Hinton, Canada",32,5e-05,53.4046768,-117.570219
644,"Beverly Hills, California, United States",31,5e-05,34.0696501,-118.3963062
645,"Chatsworth, California, United States",31,5e-05,34.2595715,-118.6023247
646,"Carleton Place, Canada",31,5e-05,45.1403366,-76.1465672
647,"Columbia, South Carolina, United States",31,5e-05,34.0007493,-81.0343313
648,"Alliston, Canada",31,5e-05,44.1534596,-79.869157
649,"Guatemala City, Guatemala",31,5e-05,14.6222328,-90.5185188
650,"Durham, North Carolina, United States",31,5e-05,35.996653,-78.9018053
651,"Everett, Washington, United States",31,5e-05,47.9673056,-122.2013998
652,"Douala, Cameroon",31,5e-05,4.0429408,9.706203
653,"Memphis, Tennessee, United States",31,5e-05,35.1490215,-90.0516285
654,"Chibougamau, Canada",31,5e-05,49.9137407,-74.3713954
655,"Van Nuys, California, United States",31,5e-05,34.1866581,-118.448729
656,"Lourdes, Canada",31,5e-05,46.326542,-71.819344
657,"Louisville, Kentucky, United States",31,5e-05,38.2542376,-85.759407
658,"Baku, Azerbaijan",30,5e-05,40.3754434,49.8326748
659,"Chesterfield, Missouri, United States",30,5e-05,38.661953,-90.5643258
660,"Boxborough, Massachusetts, United States",30,5e-05,42.4934474,-71.5141044
661,"Steinbach, Canada",30,5e-05,49.530557,-96.69342
662,"Stony Plain, Canada",30,5e-05,53.5289862,-114.0048731
663,"Poitiers, France",30,5e-05,46.5802596,0.340196
664,"Coimbatore, India",30,5e-05,11.0018115,76.9628425
665,"Nicosia, Cyprus",30,5e-05,35.18089155,33.37325855497367
666,"Conakry, Guinea",30,5e-05,9.5170602,-13.6998434
667,"Melville, New York, United States",30,5e-05,40.7862225,-73.40799498062145
668,"St-Sauveur-Des-Monts, Canada",29,5e-05,0.0,0.0
669,"Tucson, Arizona, United States",29,5e-05,32.2228765,-110.9748477
670,"Schaumburg, Illinois, United States",29,5e-05,42.0333608,-88.083406
671,"Bethesda, Maryland, United States",29,5e-05,38.98130835,-77.1233346261195
672,"Valletta, Malta",29,5e-05,35.8989818,14.5136759
673,"Vaudreuil-Dorion, Canada",29,5e-05,45.3971509,-74.0254577
674,"Beaumont, Canada",29,5e-05,53.3525496,-113.4151434
675,"Mirabel, Canada",29,5e-05,45.6452452,-74.0731738
676,"Issaquah, Washington, United States",29,5e-05,47.5348778,-122.0432974
677,"Wainwright, Canada",29,5e-05,52.8236857,-110.6639823
678,"Hicksville, New York, United States",29,5e-05,40.7684331,-73.5251253
679,"Portsmouth, New Hampshire, United States",29,5e-05,43.0717552,-70.7625532
680,"Montmagny, Canada",29,5e-05,0.0,0.0
681,"Saint-Godefroi, Canada",28,5e-05,48.076979,-65.1103551
682,"Chateauguay, Canada",28,5e-05,45.3619066,-73.7524319
683,"Bentonville, Arkansas, United States",28,5e-05,36.3728538,-94.2088172
684,"Osoyoos, Canada",28,5e-05,49.033333,-119.466667
685,"Livingston, New Jersey, United States",28,5e-05,40.7959335,-74.3148713
686,"Armstrong, Canada",28,5e-05,50.302131,-89.0373698
687,"Cold Lake, Canada",28,5e-05,54.46046,-110.192871
688,"Canning, Canada",28,5e-05,45.1577166,-64.4209904
689,"Oulu, Finland",28,5e-05,65.0118734,25.4716809
690,"Qualicum Beach, Canada",27,5e-05,49.3479861,-124.4439409
691,"Florham Park, New Jersey, United States",27,5e-05,40.787878,-74.3882072
692,"Champs-Sur-Marne, France",27,5e-05,48.8526892,2.6027219
693,"Batiscan, Canada",27,5e-05,46.496029,-72.250557
694,"Oliver, Canada",27,5e-05,45.6595275,-63.3190157
695,"Strathmore, Canada",27,5e-05,51.0435486,-113.3998479
696,"Sarajevo, Bosnia and Herzegovina",27,5e-05,43.8519774,18.3866868
697,"Antigonish, Canada",27,5e-05,45.7035589,-61.8626826
698,"Dortmund, Germany",27,5e-05,51.5142273,7.4652789
699,"St Charles, Illinois, United States",27,5e-05,41.9139516,-88.3125302
700,"Beeton, Canada",27,5e-05,44.078953,-79.784431
701,"Bancroft, Canada",27,5e-05,45.058244,-77.851524
702,"Khartoum, Sudan",27,5e-05,15.593325,32.53565
703,"Reading, United Kingdom",27,5e-05,51.45149525,-0.9836342499365378
704,"Cicero, Illinois, United States",26,4e-05,41.8455878,-87.7539448
705,"Vancouver, Washington, United States",26,4e-05,45.6306954,-122.6744557
706,"Carleton, Canada",26,4e-05,46.3940835,-67.491134
707,"Cobourg, Canada",26,4e-05,43.963909,-78.169098
708,"Palo Alto, California, United States",26,4e-05,37.4443293,-122.1598465
709,"Rochdale, United Kingdom",26,4e-05,53.6153659,-2.1557561
710,"Livonia, Michigan, United States",26,4e-05,42.36837,-83.3527097
711,"Beloeil, Canada",26,4e-05,45.5643183,-73.2040066
712,"Yeoksam-Dong, Korea (South)",26,4e-05,37.49988,127.03856
713,"Lachine, Canada",26,4e-05,45.4486762,-73.7112039
714,"Telford, United Kingdom",26,4e-05,52.6780419,-2.4514273
715,"Ucluelet, Canada",26,4e-05,48.9426817,-125.5460498
716,"Keewatin, Canada",26,4e-05,49.7572156,-94.5568907
717,"Santa Rosa, California, United States",26,4e-05,38.4404925,-122.7141049
718,"Milwaukee, Wisconsin, United States",26,4e-05,43.0349931,-87.922497
719,"Delft, Netherlands",25,4e-05,52.0114017,4.35839
720,"Adelaide, Australia",25,4e-05,-34.9281805,138.5999312
721,"Maitland, Florida, United States",25,4e-05,28.6252263,-81.37373441287073
722,"New Kensington, Pennsylvania, United States",25,4e-05,40.5697893,-79.7647705
723,"Norwalk, Connecticut, United States",25,4e-05,41.1175966,-73.4078968
724,"Warrington, United Kingdom",25,4e-05,53.4018582,-2.5680223597163048
725,"San Salvador, El Salvador",25,4e-05,13.6989939,-89.1914249
726,"Lebanon, Ohio, United States",25,4e-05,39.4353373,-84.2029922
727,"Brossard, Canada",25,4e-05,45.4554829,-73.4678904
728,"Tyler, Texas, United States",25,4e-05,32.3512601,-95.3010624
729,"Poznan, Poland",25,4e-05,52.40063215,16.91978694287606
730,"Milverton, Canada",25,4e-05,43.5657995,-80.9221027
731,"Grand Rapids, Michigan, United States",25,4e-05,42.9632405,-85.6678639
732,"Fareham, United Kingdom",25,4e-05,50.8526637,-1.1783134
733,"Ouagadougou, Burkina Faso",25,4e-05,12.368148,-1.527085
734,"Mont-Joli, Canada",24,4e-05,48.583875,-68.183899
735,"Dar Es Salaam, Tanzania",24,4e-05,-6.8160837,39.2803583
736,"Chengdu, China",24,4e-05,30.6624205,104.0633219
737,"Nantes, France",24,4e-05,47.2186371,-1.5541362
738,"Nassau, Bahamas",24,4e-05,25.0783456,-77.3383331
739,"Odessa, Ukraine",24,4e-05,46.4873195,30.7392776
740,"Bordeaux, France",24,4e-05,44.841225,-0.5800364
741,"Southfield, Michigan, United States",24,4e-05,42.4733689,-83.2218731
742,"Carlsbad, California, United States",24,4e-05,33.1580933,-117.3505966
743,"Greenville, South Carolina, United States",24,4e-05,34.851354,-82.3984882
744,"Maidenhead, United Kingdom",24,4e-05,51.5237929,-0.7189899
745,"Eschborn, Germany",24,4e-05,50.1426423,8.5716274
746,"Managua, Nicaragua",24,4e-05,12.1461244,-86.273717
747,"Naples, Florida, United States",24,4e-05,26.1421976,-81.7942944
748,"Saint-Tite, Canada",24,4e-05,46.729742,-72.562294
749,"Saint-Henri-De-Levis, Canada",24,4e-05,46.6915807,-71.0665313
750,"Tucker, Georgia, United States",23,4e-05,33.8532701,-84.2200729
751,"Jersey City, New Jersey, United States",23,4e-05,40.7281575,-74.0776417
752,"Woburn, Massachusetts, United States",23,4e-05,42.4792618,-71.1522766
753,"Shenzhen, China",23,4e-05,22.5445697,114.0545346
754,"North Ryde, Australia",23,4e-05,-33.7975472,151.127306
755,"Novosibirsk, Russian Federation",23,4e-05,55.0282171,82.9234509
756,"Winchendon, Massachusetts, United States",23,4e-05,42.6861973,-72.0439686
757,"Thompson, Canada",23,4e-05,55.743347,-97.863464
758,"Edson, Canada",23,4e-05,53.5858662,-116.4428477
759,"Bonaventure, Canada",23,4e-05,48.0444351,-65.4925807
760,"Rajkot, India",23,4e-05,22.3051991,70.8028335
761,"Aarhus, Denmark",22,4e-05,56.1496278,10.2134046
762,"King City, Canada",22,4e-05,43.929319,-79.536492
763,"Uxbridge, Canada",22,4e-05,44.107556,-79.127655
764,"Eden Prairie, Minnesota, United States",22,4e-05,44.8546856,-93.470786
765,"Tripoli, Libya",22,4e-05,32.896672,13.1777923
766,"Kissimmee, Florida, United States",22,4e-05,28.2918995,-81.4075838
767,"Hanna, Canada",22,4e-05,51.6428682,-111.9269667
768,"Chelmsford, Canada",22,4e-05,46.5691573,-81.1978944
769,"Stettler, Canada",22,4e-05,52.3228746,-112.7130208
770,"Cheyenne, Wyoming, United States",22,4e-05,41.139981,-104.820246
771,"Havana, Cuba",22,4e-05,23.135305,-82.3589631
772,"Riverview, Florida, United States",22,4e-05,27.871197,-82.3269883
773,"Samcheok, Korea (South)",22,4e-05,37.4498745,129.1652969
774,"Fuzhou, China",21,4e-05,27.9957951,116.353245
775,"Skopje, Macedonia",21,4e-05,41.9960924,21.4316495
776,"Becancour, Canada",21,4e-05,46.339343,-72.433205
777,"Mc Lean, Virginia, United States",21,4e-05,36.894396,-76.310639
778,"Didsbury, Canada",21,4e-05,51.6607926,-114.1372475
779,"Colorado Springs, Colorado, United States",21,4e-05,38.8339578,-104.8253485
780,"Damascus, Syria",21,4e-05,33.5130695,36.3095814
781,"Sioux Falls, South Dakota, United States",21,4e-05,43.5499749,-96.700327
782,"Mission, Canada",21,4e-05,49.1589351,-122.2835833
783,"South Brisbane, Australia",21,4e-05,-27.482134,153.0223507
784,"Kleinburg, Canada",21,4e-05,43.844184,-79.628906
785,"Kebon Sirih, Indonesia",21,4e-05,-6.184971,106.82989304049553
786,"Ft Myers, Florida, United States",21,4e-05,26.640628,-81.8723084
787,"Absecon, New Jersey, United States",21,4e-05,39.4284503,-74.4957076
788,"Wichita, Kansas, United States",21,4e-05,37.6922361,-97.3375448
789,"L'orignal, Canada",20,2.9999999999999997e-05,45.6193572,-74.6930392
790,"Uberlandia, Brazil",20,2.9999999999999997e-05,-18.9188041,-48.2767837
791,"Dnipropetrovsk, Ukraine",20,2.9999999999999997e-05,48.4680221,35.0417711
792,"Mahilyow, Belarus",20,2.9999999999999997e-05,53.9090245,30.3429838
793,"Incline Village, Nevada, United States",20,2.9999999999999997e-05,39.2500999,-119.9520057
794,"Reamstown, Pennsylvania, United States",20,2.9999999999999997e-05,40.2118035,-76.11635751375
795,"Scottsdale, Arizona, United States",20,2.9999999999999997e-05,33.4942189,-111.9260184
796,"Labrador City, Canada",20,2.9999999999999997e-05,52.9422944,-66.9177291
797,"Saint-Charles-De-Bellechasse, Canada",20,2.9999999999999997e-05,46.77232,-70.940781
798,"Torokbalint, Hungary",20,2.9999999999999997e-05,47.4349579,18.9130312
799,"Albuquerque, New Mexico, United States",20,2.9999999999999997e-05,35.0841034,-106.6509851
800,"Peapack, New Jersey, United States",20,2.9999999999999997e-05,40.7167675,-74.6565489
801,"Morelos, Mexico",20,2.9999999999999997e-05,18.75,-99.0
802,"Islington, United Kingdom",20,2.9999999999999997e-05,51.5384287,-0.0999051
803,"Khalandrion, Greece",20,2.9999999999999997e-05,38.0215202,23.7984139
804,"Gibraltar, Gibraltar",20,2.9999999999999997e-05,36.10674695,-5.335277183483561
805,"Kochi, India",19,2.9999999999999997e-05,9.9340738,76.2606304
806,"Hampton, Virginia, United States",19,2.9999999999999997e-05,37.0520315,-76.2856365
807,"Port Mcneill, Canada",19,2.9999999999999997e-05,50.5893452,-127.0839027
808,"Beamsville, Canada",19,2.9999999999999997e-05,43.1654577,-79.4751839
809,"Minden, Canada",19,2.9999999999999997e-05,44.9254436,-78.72493
810,"Grandville, Michigan, United States",19,2.9999999999999997e-05,42.909598,-85.7630956
811,"Paspebiac, Canada",19,2.9999999999999997e-05,48.096866199999994,-65.28781445337579
812,"Bhopal, India",19,2.9999999999999997e-05,23.2530923,77.3962718
813,"Setif, Algeria",19,2.9999999999999997e-05,36.1892751,5.403493
814,"White Plains, New York, United States",19,2.9999999999999997e-05,41.0339862,-73.7629097
815,"Allentown, Pennsylvania, United States",19,2.9999999999999997e-05,40.6022059,-75.4712794
816,"Syracuse, New York, United States",19,2.9999999999999997e-05,43.0481221,-76.1474244
817,"Bay, Arkansas, United States",19,2.9999999999999997e-05,35.7422991,-90.5623305
818,"Drumheller, Canada",19,2.9999999999999997e-05,51.4662795,-112.7046642
819,"Kanchipuram, India",18,2.9999999999999997e-05,12.9647163,79.9839686
820,"Bracknell, United Kingdom",18,2.9999999999999997e-05,51.4060111,-0.7588572953575845
821,"Lacombe, Canada",18,2.9999999999999997e-05,52.4727515,-113.733215
822,"Saint-Romuald, Canada",18,2.9999999999999997e-05,46.7550176,-71.237158
823,"Strathroy, Canada",18,2.9999999999999997e-05,42.9584644,-81.6232326
824,"Ljubljana, Slovenia",18,2.9999999999999997e-05,46.0499803,14.5068602
825,"Beardsley, Canada",18,2.9999999999999997e-05,47.4529229,-68.0116722
826,"Mansfield, Massachusetts, United States",18,2.9999999999999997e-05,42.0334326,-71.2189405
827,"Courbevoie, France",18,2.9999999999999997e-05,48.8953328,2.2561602
828,"Forest, Canada",18,2.9999999999999997e-05,43.1007795,-82.0003357
829,"Ft Collins, Colorado, United States",18,2.9999999999999997e-05,40.5508527,-105.0668085
830,"West Palm Beach, Florida, United States",18,2.9999999999999997e-05,26.7153425,-80.0533746
831,"Chandler, Canada",18,2.9999999999999997e-05,48.3485676,-64.6783785
832,"Honolulu, Hawaii, United States",18,2.9999999999999997e-05,21.304547,-157.8556764
833,"Busto Arsizio, Italy",18,2.9999999999999997e-05,45.6119057,8.8520522
834,"Reno, Nevada, United States",18,2.9999999999999997e-05,39.5261206,-119.8126581
835,"Constantine, Algeria",18,2.9999999999999997e-05,36.364519,6.60826
836,"Smithfield, Rhode Island, United States",18,2.9999999999999997e-05,41.9220433,-71.549507
837,"Riviere-Du-Loup, Canada",18,2.9999999999999997e-05,47.8358164,-69.5368025
838,"Nonthaburi, Thailand",18,2.9999999999999997e-05,13.8610918,100.3456772
839,"Phnum Penh, Cambodia",18,2.9999999999999997e-05,11.568271,104.9224426
840,"Tempe, Arizona, United States",18,2.9999999999999997e-05,33.4255056,-111.9400125
841,"Cottam, Canada",17,2.9999999999999997e-05,42.1284542,-82.7441915
842,"Albany, New York, United States",17,2.9999999999999997e-05,42.6511674,-73.754968
843,"Elmhurst, Illinois, United States",17,2.9999999999999997e-05,41.8994745,-87.9403418
844,"Lewisville, Texas, United States",17,2.9999999999999997e-05,33.046233,-96.994174
845,"Kirkland, Washington, United States",17,2.9999999999999997e-05,47.6859573,-122.1920249
846,"Saint-Jean-Port-Joli, Canada",17,2.9999999999999997e-05,47.2144457,-70.2692296
847,"Sturgeon Falls, Canada",17,2.9999999999999997e-05,49.4478873,-82.4464329
848,"Cancun, Mexico",17,2.9999999999999997e-05,21.1617854,-86.8510468
849,"Wuhan, China",17,2.9999999999999997e-05,30.5951051,114.2999353
850,"Hamilton, Bermuda",17,2.9999999999999997e-05,32.2956076,-64.7827048
851,"Dorchester, Canada",17,2.9999999999999997e-05,45.8992863,-64.5170033
852,"Addison, Texas, United States",17,2.9999999999999997e-05,32.9604305,-96.83025951893629
853,"Virden, Canada",17,2.9999999999999997e-05,49.8485092,-100.9322654
854,"Oxford, United Kingdom",17,2.9999999999999997e-05,51.7520131,-1.2578499
855,"Tomsk, Russian Federation",17,2.9999999999999997e-05,58.6124279,82.0475315
856,"Mascouche, Canada",17,2.9999999999999997e-05,45.7453521,-73.6005591
857,"Gaithersburg, Maryland, United States",17,2.9999999999999997e-05,39.1434406,-77.2013705
858,"Rosh Haayin, Israel",17,2.9999999999999997e-05,32.0952929,34.9533225
859,"Florianopolis, Brazil",16,2.9999999999999997e-05,-27.5973002,-48.5496098
860,"Val-David, Canada",16,2.9999999999999997e-05,46.0282815,-74.2065632
861,"Lytton, Canada",16,2.9999999999999997e-05,50.2311317,-121.581601
862,"Barnsley, United Kingdom",16,2.9999999999999997e-05,53.5527719,-1.4827755
863,"Greeley, Colorado, United States",16,2.9999999999999997e-05,40.4233142,-104.7091322
864,"Wallingford, Connecticut, United States",16,2.9999999999999997e-05,41.4570418,-72.8231552
865,"Ferndale, Washington, United States",16,2.9999999999999997e-05,48.8466698,-122.5897235
866,"Fort Erie, Canada",16,2.9999999999999997e-05,42.91308,-78.918611
867,"Yokohama, Japan",16,2.9999999999999997e-05,35.444991,139.636768
868,"Montpellier, France",16,2.9999999999999997e-05,43.6112422,3.8767337
869,"Inuvik, Canada",16,2.9999999999999997e-05,73.6585432,-118.4410095
870,"Markdale, Canada",16,2.9999999999999997e-05,44.31869,-80.648575
871,"Spartanburg, South Carolina, United States",16,2.9999999999999997e-05,34.9498007,-81.9320157
872,"Ipswich, Australia",16,2.9999999999999997e-05,-27.6160135,152.7608702
873,"Lviv, Ukraine",16,2.9999999999999997e-05,49.841952,24.0315921
874,"Izmir, Turkey",16,2.9999999999999997e-05,38.4147331,27.1434119
875,"Rangoon, Myanmar",16,2.9999999999999997e-05,16.7967129,96.1609916
876,"San Juan, Puerto Rico",16,2.9999999999999997e-05,18.465299,-66.116666
877,"Burlington, Vermont, United States",16,2.9999999999999997e-05,44.4762975,-73.2135472
878,"Inwood, Canada",16,2.9999999999999997e-05,50.5,-97.5
879,"Wallaceburg, Canada",16,2.9999999999999997e-05,42.5910051,-82.3825264
880,"Astana, Kazakhstan",16,2.9999999999999997e-05,51.15092055,71.4388595154859
881,"Portland, Maine, United States",16,2.9999999999999997e-05,43.6610277,-70.2548596
882,"Beachwood, Ohio, United States",16,2.9999999999999997e-05,41.464498,-81.508732
883,"Innisfil, Canada",16,2.9999999999999997e-05,44.3150892,-79.5461073
884,"High River, Canada",16,2.9999999999999997e-05,50.5797079,-113.8569213
885,"Gainesville, Florida, United States",15,2.9999999999999997e-05,29.6519684,-82.3249846
886,"Boisbriand, Canada",15,2.9999999999999997e-05,45.6130352,-73.8386827
887,"Renens, Switzerland",15,2.9999999999999997e-05,46.5349093,6.5928442
888,"Espanola, Canada",15,2.9999999999999997e-05,46.265341,-81.769867
889,"Salt Spring Island, Canada",15,2.9999999999999997e-05,48.8296672,-123.51516139891447
890,"Maisons-Alfort, France",15,2.9999999999999997e-05,48.8012045,2.4309703
891,"Chestermere, Canada",15,2.9999999999999997e-05,51.03037205,-113.82469113331116
892,"Wetaskiwin, Canada",15,2.9999999999999997e-05,52.968492,-113.36792
893,"Merritt, Canada",15,2.9999999999999997e-05,50.111704,-120.7884227
894,"Tegucigalpa, Honduras",15,2.9999999999999997e-05,14.0931919,-87.2012631
895,"Hanover, Maryland, United States",15,2.9999999999999997e-05,39.1928853,-76.7241371
896,"Exeter, United Kingdom",15,2.9999999999999997e-05,50.725562,-3.5269108
897,"Bridgeport, Connecticut, United States",15,2.9999999999999997e-05,41.1670412,-73.2048348
898,"Warren, New Jersey, United States",15,2.9999999999999997e-05,40.8602222,-74.9720493
899,"Hannover, Germany",15,2.9999999999999997e-05,52.3744779,9.7385532
900,"Anchorage, Alaska, United States",15,2.9999999999999997e-05,61.2163129,-149.8948523
901,"Manching, Germany",15,2.9999999999999997e-05,48.71658625,11.490985645643757
902,"George Town, Cayman Islands",15,2.9999999999999997e-05,19.2953549,-81.3807776
903,"Crawford Bay, Canada",15,2.9999999999999997e-05,49.6752022,-116.8240225
904,"Eindhoven, Netherlands",15,2.9999999999999997e-05,51.4392648,5.478633
905,"Bridgewater, New Jersey, United States",15,2.9999999999999997e-05,40.5598127,-74.5517146
906,"Dayton, Ohio, United States",15,2.9999999999999997e-05,39.7589478,-84.1916069
907,"Tyumen, Russian Federation",15,2.9999999999999997e-05,57.153534,65.542274
908,"Rougemont, Canada",15,2.9999999999999997e-05,45.447366,-73.063545
909,"Oran, Algeria",15,2.9999999999999997e-05,35.7032751,-0.6492976
910,"Walnut, California, United States",15,2.9999999999999997e-05,33.7085883,-117.7926096
911,"Dundalk, Ireland",15,2.9999999999999997e-05,54.0046033,-6.4008879
912,"Hitachi, Japan",14,2e-05,36.5890835,140.7639580530664
913,"Valbonne, France",14,2e-05,43.641141,7.0086255
914,"Three Springs, Pennsylvania, United States",14,2e-05,40.1950811,-77.9830565
915,"Debolt, Canada",14,2e-05,55.2173457,-118.0240547
916,"Sorocaba, Brazil",14,2e-05,-23.501667,-47.458056
917,"Chiyoda, Japan",14,2e-05,35.6938097,139.7532163
918,"Leipzig, Germany",14,2e-05,51.3406321,12.3747329
919,"Byfleet, United Kingdom",14,2e-05,51.3401727,-0.472897
920,"Newlands, South Africa",14,2e-05,-23.8427277,29.2487024
921,"Renfrew, Canada",14,2e-05,45.7300564,-77.2793698
922,"Monrovia, California, United States",14,2e-05,34.1483499,-118.0014517
923,"Cardiff, United Kingdom",14,2e-05,51.4816546,-3.1791934
924,"Newbury Park, California, United States",14,2e-05,34.183671,-118.9118302
925,"Nunawading, Australia",14,2e-05,-37.8204496,145.1752107
926,"Watford, United Kingdom",14,2e-05,51.6553875,-0.3957425
927,"Morton Grove, Illinois, United States",14,2e-05,42.0405857,-87.7825696
928,"Hanmer, Canada",14,2e-05,46.6530558,-80.9447962
929,"Digby, Canada",14,2e-05,44.3582675,-65.9107137
930,"Lille, France",14,2e-05,50.6365654,3.0635282
931,"Pefferlaw, Canada",14,2e-05,44.3130459,-79.2039423
932,"Val-Des-Monts, Canada",14,2e-05,45.6918799,-75.68941698545765
933,"Lowell, Massachusetts, United States",13,2e-05,42.6334247,-71.3161718
934,"Petion-Ville, Haiti",13,2e-05,18.5132181,-72.2860209
935,"Kyoto, Japan",13,2e-05,35.021041,135.7556075
936,"Fornebu, Norway",13,2e-05,59.8995111,10.6286917
937,"Cork, Ireland",13,2e-05,51.8979282,-8.4705806
938,"Fergus, Canada",13,2e-05,43.7072895,-80.3744336
939,"Marrakech, Morocco",13,2e-05,31.6258257,-7.9891608
940,"Hounslow, United Kingdom",13,2e-05,51.4686132,-0.3613471
941,"Thousand Oaks, California, United States",13,2e-05,34.17142715,-118.91058772974445
942,"Nice, France",13,2e-05,43.7009358,7.2683912
943,"Lisburn, United Kingdom",13,2e-05,54.5112913,-6.0466736
944,"Sana, Yemen",13,2e-05,15.3538569,44.2058841
945,"Monterey Park, California, United States",13,2e-05,34.051522,-118.129807
946,"Libreville, Gabon",13,2e-05,0.390002,9.454001
947,"Greensboro, North Carolina, United States",13,2e-05,36.0726355,-79.7919754
948,"Esfahan, Iran",13,2e-05,32.6707877,51.6650002
949,"Queen Charlotte, Canada",13,2e-05,53.2545205,-132.102405
950,"Pointe-Aux-Trembles, Canada",13,2e-05,45.667824350000004,-73.50513339569802
951,"Boise, Idaho, United States",13,2e-05,43.6166163,-116.200886
952,"Birmingham, Michigan, United States",13,2e-05,42.5467012,-83.2113192
953,"Netanya, Israel",13,2e-05,32.3286181,34.8566246
954,"Huntsville, Alabama, United States",13,2e-05,34.729847,-86.5859011
955,"Fernie, Canada",13,2e-05,49.5041747,-115.062867
956,"Ghaziabad, India",13,2e-05,28.711241,77.4445372
957,"St-Bruno, Canada",12,2e-05,48.4719308,-71.653028
958,"Middletown, New York, United States",12,2e-05,40.8397222,-73.8316667
959,"Riverside, California, United States",12,2e-05,33.9533546,-117.3961623
960,"Gardena, California, United States",12,2e-05,33.8963593,-118.3053037
961,"Bryanston, South Africa",12,2e-05,-26.0513889,28.0280556
962,"Jiddah, Saudi Arabia",12,2e-05,21.5822247,39.1640396
963,"Spencerville, Canada",12,2e-05,44.8433048,-75.5463673
964,"Liege, Belgium",12,2e-05,50.6451381,5.5734203
965,"Hollywood, Florida, United States",12,2e-05,26.0112014,-80.1494901
966,"Ft Wayne, Indiana, United States",12,2e-05,41.0799898,-85.1386015
967,"Santa Cruz, Bolivia",12,2e-05,-17.333333,-61.5
968,"Wawa, Canada",12,2e-05,47.9929283,-84.7740199
969,"Anyang-Dong, Korea (South)",12,2e-05,37.3976904,126.9225717
970,"Pasadena, California, United States",12,2e-05,34.1476452,-118.1444779
971,"Manchester, New Hampshire, United States",12,2e-05,42.9956397,-71.4547891
972,"Brazzaville, Congo",12,2e-05,-4.2694407,15.2712256
973,"Matawan, New Jersey, United States",12,2e-05,40.41483,-74.2295891
974,"Kemptville, Canada",12,2e-05,44.0462261,-65.8349997
975,"Evansville, Indiana, United States",12,2e-05,37.9747645,-87.5558483
976,"Binbrook, Canada",12,2e-05,43.121034,-79.804001
977,"Saarbrucken, Germany",12,2e-05,49.234362,6.996379
978,"Leeds, United Kingdom",12,2e-05,53.7974185,-1.5437941
979,"Blida, Algeria",12,2e-05,36.4701645,2.8287985
980,"Gilbert, Arizona, United States",12,2e-05,33.3527632,-111.7890373
981,"Kimberley, Canada",12,2e-05,49.6850876,-115.9819477
982,"Niverville, Canada",12,2e-05,49.605638,-97.0385481
983,"New Orleans, Louisiana, United States",12,2e-05,29.9499323,-90.0701156
984,"Charny, Canada",12,2e-05,46.7169571,-71.2693222
985,"San Luis Obispo, California, United States",12,2e-05,35.3540209,-120.3757163
986,"Stavanger, Norway",12,2e-05,58.9689601,5.7294654
987,"Frederick, Maryland, United States",12,2e-05,39.4142186,-77.4109269
988,"Duluth, Georgia, United States",12,2e-05,34.0028569,-84.1441046
989,"Creston, Canada",12,2e-05,49.0971526,-116.5129759
990,"Brest, Belarus",12,2e-05,52.093751,23.6851851
991,"Arvada, Colorado, United States",12,2e-05,39.8211225,-105.22074299044587
992,"Athens, Georgia, United States",12,2e-05,33.9597677,-83.376398
993,"Fresno, California, United States",11,2e-05,36.7295295,-119.70886126075588
994,"Dudley, United Kingdom",11,2e-05,52.5110832,-2.0816813
995,"Brandon, Florida, United States",11,2e-05,27.937801,-82.2859247
996,"Zurich, Canada",11,2e-05,43.421133,-81.624703
997,"Rolling Meadows, Illinois, United States",11,2e-05,42.0841936,-88.0131275
998,"Walnut Creek, California, United States",11,2e-05,37.9020731,-122.0618702
999,"Klang, Malaysia",11,2e-05,3.04312285,101.44961501147401
1001,Other,14140,0.02385,27.52960815,83.66853227894728
